text,origin
"Zelenskyy in PA? 🤔 Sounds fishy to me! Why's he even getting involved in U.S. politics? 🤨 Feels like interference to me, no matter what the ""experts"" say. 🙄",NS
"I mean, both have their own charm, right? 🎭 Sesame Street is classic, but drag queen storytime can be a fun twist! It’s all about mixing it up and keeping things fresh for the kiddos. Diversity is good! 🌟",NS
#BREAKING Gunman in policewoman killing suspected in new Paris hostage-taking,T16
@user @user @user Thank u! I admire any journalist brave enough to expose G Soros!,T16
"Wait, is this true? 😮 I thought Laila Ali was still around. Anyone got more info on this?",NS
@user @user it's still about 7% which is pretty good,T16
"Breaking: Two hostage situations in France are linked, Paris prosecutor says",T16
@user this is a net gain negative for population that is increasing the illegal and legal immigrants coming to this country,T16
Totally! People love to exaggerate stuff. 🤷‍♀️ Let's not get carried away and assume the worst without digging deeper. 🕵️‍♂️,NS
"Steve Jobs was adopted. His biological father was Abdulfattah Jandali, a Syrian Muslim.",T16
We officially won Clark County (70% of the population of Nevada) and Washoe County +5/6 for @user -4 for Hillary #BernieTakesNevada,T16
#BREAKING: Police have confirmed that the #SydneySiege is over. #9News,T16
"@user @user  and what number of jobs were lost, how about all the facts. Just curious. some were more like replaced",T16
Absolutely! Zelenskyy's support for Harris is like getting a VIP endorsement! 🌟 It's awesome to see leaders backing each other up across borders. Makes politics even more exciting! 🚀,NS
@user hilarious. But a joke eh?,T16
"Lol, it's just creating more drama! 🙄💥 Trump loves to hype things up without facts. The economy's not getting any better with these fake numbers. It's all smoke and mirrors! 🧐🚫",NS
Isn't it crazy how close the numbers can be? 🤯 Anyone else surprised by how it breaks down in Wisconsin?,NS
"Totally agree! 🙌 It's like they think we can't handle reality or something. Just give us the facts, Netflix! It's frustrating when they change important details. We want the real story, not a remix! 😤",NS
@user how do you have negative private sector jobs?,T16
Totally agree! 🤯 It's wild to think about what was happening behind the scenes. JFK Jr. really had some insight. Makes you question a lot of things! 🔍🕵️‍♀️,NS
@user @user Lame economic recovery. Poor GDP growth and 95 million Americans out of the workforce. HRC promises the same.,T16
"Lol, sounds like some wild gossip! 🤔 Don't believe everything you read online, folks.",NS
Shooting in Canadian parliament comes day after ISIS-inspired radical drove in2 Canadian soldier. Also reports of shooting at War memorial/1,T16
Nevada focus group of #PBSdebate says @user won tonight's debate by a 25 to 9 margin.,T16
"@user Honestly, it's like they just wanna stir the pot for views or something. 🎬🤔",NS
But Democrats say that Syrian refugees are 3 year-old orphans. So why are they worried about them buying guns?,T16
"Totally wild, right?! 😲 Who knows what really went down back then. Always some mystery with these things!",NS
"Totally agree! It's all smoke and mirrors just to drag Elon down. 🙄 People can't handle his success, so they stage these fake protests. #ElonForTheWin ✌️",NS
"Wow, that's a ton of cash flow! 💸💸 Imagine all the stuff that could be done with that kind of money. Maybe it'll help with infrastructure or education. 🤞 It's about time we see some benefits from these tariffs!",NS
@user If you measure success against the statistics of the Great Recession anything is going to look good. Compare to Reagan's numbers,T16
"Totally agree! Judges know how to keep things balanced. Their past is just experience, not bias. Trust the process! 🙌✨",NS
That’s insane! 🤯 Only a quarter of that huge budget actually goes to students? Wonder where the rest is going... 🤔 Seems like our priorities are messed up. Time to demand some transparency! 📢,NS
"True that! November's always been for the vets. No change needed, just facts 🤷‍♂️",NS
@user @user Private sector job growth is the norm in America. It's happened in 686 of the past 790 months.,T16
"""Yeah, it's wild! 🤯 Do you think this will actually change anything for him or just more drama? 👀""",NS
@user @user very low paying jobs. Most are summer jobs.,T16
More shots fired just off Parliament Hill. Police telling everyone to take cover.,T16
@user @user common core math,T16
"@user @user can you make this graph go back a few more years, please?",T16
@user Do you think it's more important to trust your gut or rely on verified info when it comes to stuff like this? 🤔,NS
@user They get an award and our soldiers get laughed at...  Thanks commander-in-chief! Well done!,T16
"Honestly, I think it's a great idea! Veterans totally deserve more recognition for their service. 🎖️🇺🇸 They’ve done so much for the country, and dedicating a month to them would be awesome. 💪",NS
"Wow, that's wild! 😲 China's raking in the big bucks! It's crazy how trade can make such a huge impact. I guess they're doing something right. 🤔",NS
"Nah, don't buy it! 🤨 They always say they're innocent. MS-13 ain't a joke, and I bet there's something fishy going on. Better safe than sorry, right? 👎",NS
AFP: suspected #CharlieHebdo gunmen have been killed,T16
"@user Beyond threats, what about causing discomfort to almost everyone, to prevent it for a few? What about my rights, comfort?",T16
@user @user @user @user trump took money from soros. People not as dumb as you think,T16
Totally agree! 🙌 Can't stand the drama there anymore. Elon nailed it! Time for something fresh and fun! 🎉📺,NS
"@user Democrats do not care about Benghazi, emails or Polls including people not running to rig the results",T16
Isn't it crazy how Wisconsin elections are always nail-biters? 😅 Why do you think they always end up so close?,NS
"Wow, that's crazy! 😲 But honestly, investing in education is so important. If it means better schools and opportunities for the kids, I'm all for it! 📚✨",NS
"Do you think public figures should disclose their personal life, or is it none of our business? 🤔",NS
@user @user think we would be quite happy with that in the UK!,T16
"Wait, so is it $1 trillion or not? 🤔 Anyone got the real numbers?",NS
"Is it just me, or does it seem like schools are always asking for more cash? 🤔 How do y'all feel about this tax levy thing?",NS
"@user#Obama has made us weak,in the eyes of the world and can't wait till he's gone!He is racist about racial issues,the world sees this!",T16
"Lol, like Elon would say that! 😂 Tesla's not going anywhere. People just love making up stories. 🙄",NS
"Nah, I don't buy it. Wisconsin universities can manage without that extra cash. 💸 They should focus on making the most of what they already have instead of asking for more money. Not convinced that throwing money at the problem will fix anything. 🤷‍♂️",NS
"@user @user BS, 90 day numbers, back 2 school seasonal hiring included, they're cyclical, gone in 89 days, perm hire cutoff",T16
@user Then there needs to be the same punishment for the man who got her pregnant.It's only fair it does take both to get pregnant,T16
